{
  "src": [
    "./res/sounds/soundsprite.ogg",
    "./res/sounds/soundsprite.m4a",
    "./res/sounds/soundsprite.mp3",
    "./res/sounds/soundsprite.ac3"
  ],
  "sprite": {
    "alarm_clock": [
      0,
      731.4285714285714
    ],
    "attention": [
      2000,
      1152.0181405895694
    ],
    "click_on_button": [
      5000,
      182.8571428571433
    ],
    "counter": [
      7000,
      130.612244897959
    ],
    "dif_found_opponent": [
      9000,
      731.4285714285713
    ],
    "difference_found": [
      11000,
      940.4081632653067
    ],
    "game_lose": [
      13000,
      3030.204081632654
    ],
    "game_music": [
      18000,
      48013.0612244898
    ],
    "game_win": [
      68000,
      2716.7346938775554
    ],
    "got_star_1": [
      72000,
      653.0612244897895
    ],
    "got_star_2": [
      74000,
      653.0612244897895
    ],
    "got_star_3": [
      76000,
      653.0612244897895
    ],
    "loser_gone": [
      78000,
      731.428571428566
    ],
    "medal_fly_bar": [
      80000,
      130.61224489796075
    ],
    "medal_progress_bar": [
      82000,
      1697.9591836734755
    ],
    "menu_music": [
      85000,
      38400.00000000001
    ],
    "misclick_1": [
      125000,
      339.59183673469795
    ],
    "penalty": [
      127000,
      783.6734693877503
    ],
    "picture_solved": [
      129000,
      1671.8367346938692
    ],
    "salute": [
      132000,
      1896.009070294781
    ],
    "sound_buy": [
      135000,
      992.6530612245017
    ],
    "sound_close_window": [
      137000,
      365.7142857142901
    ],
    "sound_fly_star": [
      139000,
      2951.8367346938703
    ],
    "sound_fly_star1": [
      143000,
      1410.6122448979477
    ],
    "sound_fly_star2": [
      146000,
      1436.734693877554
    ],
    "sound_new_level": [
      149000,
      2142.040816326528
    ],
    "sound_open_location": [
      153000,
      1880.8163265306064
    ],
    "sound_open_window": [
      156000,
      313.4693877551058
    ],
    "star_empty": [
      158000,
      417.9591836734744
    ],
    "start_counter_0": [
      160000,
      1227.7551020408168
    ],
    "start_counter_1": [
      163000,
      444.08163265305234
    ],
    "start_counter_2": [
      165000,
      444.08163265305234
    ],
    "start_counter_3": [
      167000,
      444.08163265305234
    ],
    "time_ends_1": [
      169000,
      3813.877551020397
    ],
    "use_of_hint": [
      174000,
      2429.3877551020273
    ]
  }
}